Designator,Footprint,Quantity,Value,LCSC Part #
"C1, C2, C3",0402,3,4.7uF,C23733
"C10, C23, C24, C25, C26, C30, C31, C32, C34, C9",0402,10,10uF,C15525
"C11, C21, C22",0603,3,22uF,C59461
"C12, C13, C14, C15, C16, C17, C18, C19, C20, C27, C28, C29, C33, C6, C7, C8",0402,16,0.1uF,C1525
"C35, C36, C37, C38",0402,4,2.2uF,C12530
"C4, C5",0402,2,20pF,C1554
D1,0603,1,LED,C2286
J1,USB_C_Receptacle_HRO_TYPE-C-31-M-12,1,USB_C_Receptacle_USB2.0_14P,C165948
L1,0402,1,3.3uH,C84474
L2,0402,1,1uH,C84468
"R0, R10",0402,2,470,C25117
"R1, R2",0402,2,5.1K,C25905
"R3, R4",0603,2,27,C25190
R5,0402,1,33,C25105
"R6, R7",0402,2,1K,C11702
"R8, R9",0603,2,2,C22977
"SW1, SW2",button_342,2,SW_Push,
"TP1, TP2",TestPoint_Pad_2.5x2.5mm,2,TestPoint_Square,
U1,TSSOP-20_4.4x6.5mm_P0.65mm,1,PCM5102A,C107671
U2,eSOP-8,1,IP5306,C181692
U3,QFN-80-1EP_10x10mm_P0.4mm_EP3.4x3.4mm,1,RP2354B,C39843328
U4,SOT-23-3,1,XC6206PxxxMR,C5446
Y1,Crystal_SMD_3225-4Pin_3.2x2.5mm,1,Crystal_GND24,C9002
